id,Url,Name,file (metadata)
plink_1RswxOHnYG2meNotHLlKHnH2,https://buy.stripe.com/00w7sLdDw1Bk8ew4kNeZ20W,"Animated Twitch Emote 1x Animated Frog Twitch Meme Emotes - Cute Knife Meme , Twitch , Streamer , Youtube , Discord, Animated emotes",
plink_1RswxBHnYG2meNotB3WWAA6J,https://buy.stripe.com/14A3cv6b493MeCU4kNeZ20V,"PNGTuber Adorable Frog Emotes - 3 expressions,  8 Cute frog Twitch Emotes! | emote pack | kawaii emotes | streamer emotes | frog emotes",
plink_1RswwyHnYG2meNotAbF7vBx1,https://buy.stripe.com/dRm8wP5700xgdyQ5oReZ20U,Adorable Frog Emotes - 8 Cute frog Twitch Emotes | emote pack | kawaii emotes | streamer emotes | frog emotes,
plink_1RswwmHnYG2meNotuuB9EyZF,https://buy.stripe.com/bJeaEX2YSfsa2Uc5oReZ20T,Sticky Notes PNG Stickers | digital stickers | digital stickers notability | digital stickers art | digital stickersheet,
plink_1RswwZHnYG2meNotGzvkHleF,https://buy.stripe.com/6oUaEXczsa7Q52kcRjeZ20S,"Chibi Boy PNGtuber Model , Mouth + Blinking , Streamer Vtuber , Discord & Twitch",
plink_1RswwNHnYG2meNot4lu7HVhQ,https://buy.stripe.com/3cI8wPgPI4NweCUdVneZ20R,"Cute Bear PNGtuber Model , 3 Expressions + Blinking , Streamer Vtuber , Discord & Twitch",
plink_1RswwAHnYG2meNotz2fRe3Ea,https://buy.stripe.com/fZu00j570fsaeCUcRjeZ20Q,"Chibi Girl PNGtuber Model , Mouth + Blinking , Streamer Vtuber , Discord & Twitch",
plink_1RswvyHnYG2meNotcscgPPLY,https://buy.stripe.com/14AcN50QK6VEeCU2cFeZ20P,"Chibi Blanket accessory Streamer Vtuber , Discord & Twitch",
plink_1RswviHnYG2meNotWbgjQeNG,https://buy.stripe.com/8x27sLczs6VE0M47wZeZ20O,"Animated Twitch Emote 1x Animated Bunny Twitch Meme Emotes - Cute Knife Meme , Twitch , Streamer , Youtube , Discord, Animated emotes",
plink_1RswvVHnYG2meNot90P5JLMb,https://buy.stripe.com/8x200j0QKa7QdyQ2cFeZ20N,"Cute Magic Girl PNGtuber Model , 4 Expressions , Blue Hair , Streamer Vtuber , Discord & Twitch",
plink_1RswvJHnYG2meNotxzVBHo2C,https://buy.stripe.com/28E9AT8jc4Nw7asbNfeZ20M,Adorable White Bunny Emotes - 8 Cute Rabbit Twitch Emotes in 6 Sizes! | emote pack | kawaii emotes | streamer emotes | rabbit emotes,
plink_1Rswv8HnYG2meNotZEyVClq4,https://buy.stripe.com/28E8wPark2FobqIaJbeZ20L,Adorable Bonk Bunny Emotes - 8 Cute Rabbit Twitch Emotes in 1 Size | emote pack | kawaii emotes | streamer emotes | rabbit emotes,
plink_1RswuwHnYG2meNotDRbyfCxs,https://buy.stripe.com/5kQcN57f893MbqI4kNeZ20K,Majo Coloring book,
plink_1RswukHnYG2meNotpexe4smH,https://buy.stripe.com/cNi9ATfLEeo6amE3gJeZ20J,Witch PNG Notepad Stickers | digital stickers | digital stickers notability | digital stickers art | digital stickersheet,
plink_1RswuYHnYG2meNotySzQBiGf,https://buy.stripe.com/4gM5kD2YS7ZI0M48B3eZ20I,Full body Tabby Cat Orange Cat Emotes - 6 Cute Cat Twitch Emotes in 4 Sizes! | emote pack | kawaii emotes | streamer emotes | cat emotes,
plink_1RswuMHnYG2meNoteqpMnMw3,https://buy.stripe.com/bJe8wPgPIfsagL22cFeZ20H,"Chibi Fruit Folk PNGtuber Model , Mouth + Blinking , Streamer Vtuber , Discord & Twitch",
plink_1RswuBHnYG2meNotBkX5nfwb,https://buy.stripe.com/6oU3cvbvo7ZI1Q86sVeZ20G,"Farm Dog PNGtuber Model , Mouth + Blinking , Streamer Vtuber , Discord & Twitch",
plink_1RswtxHnYG2meNotCCj9Otmq,https://buy.stripe.com/bJe00j7f83Js1Q89F7eZ20F,"Farm Cow PNGtuber Model , Mouth + Blinking , Streamer Vtuber , Discord & Twitch",
plink_1RswtmHnYG2meNotgHYHzrCK,https://buy.stripe.com/5kQ9AT2YSgwebqI6sVeZ20E,"Farm Witch PNGtuber Model , Mouth + Blinking , Streamer Vtuber , Discord & Twitch",
plink_1RswtZHnYG2meNotPH0Krjz0,https://buy.stripe.com/cNicN542Wa7Q2Ucg3veZ20D,"Chibi Fruit Folk Peach PNGtuber Model , Mouth + Blinking , Streamer Vtuber , Discord & Twitch",
plink_1RswtLHnYG2meNotzPOXNXOu,https://buy.stripe.com/6oUdR98jc4NwgL27wZeZ20C,"Chibi Fruit Folk Watermelon PNGtuber Model , Mouth + Blinking , Streamer Vtuber , Discord & Twitch",
plink_1Rswp5HnYG2meNotEoEI0WIC,https://buy.stripe.com/dRm14n8jcbbU2UcdVneZ20B,"Addon PNGTuber Adorable Frog Emotes - 3 expressions,  8 Cute frog Twitch Emotes! | emote pack | kawaii emotes | frog emotes",
plink_1RswouHnYG2meNota4gVxO0V,https://buy.stripe.com/aFa28r2YSbbU3Yg7wZeZ20A,Kawaii Aesthetic Elements | digital stickers | digital stickers notability | digital stickers art | digital stickersheet,
plink_1RswoiHnYG2meNotMwwSTQkw,https://buy.stripe.com/fZu4gzeHAdk2cuM4kNeZ20z,"Fantasy Mushroom Character | Digital Notebook | Sticker Set - 16 Unique Designs for Penly, Kilonotes, GoodNotes | Odd sticker",
plink_1RswnhHnYG2meNoto4MFnKN2,https://buy.stripe.com/6oU28r1UO1Bk66o5oReZ20y,"Sticky Note accessory Streamer Vtuber , Discord & Twitch",
plink_1RswnVHnYG2meNot46wqwoVV,https://buy.stripe.com/8x214neHAgwebqI5oReZ20x,"Chibi Bunny Girl PNGtuber Model , Mouth + Blinking , Streamer Vtuber , Discord & Twitch",
plink_1RswnJHnYG2meNot3hWKcfO8,https://buy.stripe.com/9B64gz6b45RA1Q8dVneZ20w,"Animated Twitch Emote 1x Animated Frog Twitch Meme Emotes - Cute Knife Meme , Twitch , Streamer , Youtube , Discord, Animated emotes",
plink_1Rswn8HnYG2meNot1ZD9pjLM,https://buy.stripe.com/7sYbJ10QKbbU66o8B3eZ20v,"PNGTuber Adorable Frog Emotes - 3 expressions,  8 Cute frog Twitch Emotes! | emote pack | kawaii emotes | streamer emotes | frog emotes",
plink_1RswmsHnYG2meNotyibleUXv,https://buy.stripe.com/14AaEX6b4fsafGY3gJeZ20u,Adorable Frog Emotes - 8 Cute frog Twitch Emotes | emote pack | kawaii emotes | streamer emotes | frog emotes,
plink_1RswmgHnYG2meNotlSnm1Is9,https://buy.stripe.com/7sY7sL1UOfsagL23gJeZ20t,Sticky Notes PNG Stickers | digital stickers | digital stickers notability | digital stickers art | digital stickersheet,
plink_1RswmVHnYG2meNotZkkCPZ6m,https://buy.stripe.com/fZufZhark5RAgL29F7eZ20s,"Chibi Boy PNGtuber Model , Mouth + Blinking , Streamer Vtuber , Discord & Twitch",
plink_1RswmKHnYG2meNotbLj3wC5K,https://buy.stripe.com/dRm4gz57093M8ewbNfeZ20r,"Cute Bear PNGtuber Model , 3 Expressions + Blinking , Streamer Vtuber , Discord & Twitch",
plink_1Rswm3HnYG2meNoteBkKOVpc,https://buy.stripe.com/4gM00j6b43Js66o5oReZ20q,"Chibi Girl PNGtuber Model , Mouth + Blinking , Streamer Vtuber , Discord & Twitch",
plink_1RswlsHnYG2meNotWweKvT7H,https://buy.stripe.com/aFacN58jc3JsdyQ4kNeZ20p,"Chibi Blanket accessory Streamer Vtuber , Discord & Twitch",
plink_1RswlhHnYG2meNotNcUmdKdA,https://buy.stripe.com/3cIfZhbvogweamE3gJeZ20o,"Animated Twitch Emote 1x Animated Bunny Twitch Meme Emotes - Cute Knife Meme , Twitch , Streamer , Youtube , Discord, Animated emotes",
plink_1RswlVHnYG2meNotU3i3r5cl,https://buy.stripe.com/8x200jgPI1Bk1Q84kNeZ20n,"Cute Magic Girl PNGtuber Model , 4 Expressions , Blue Hair , Streamer Vtuber , Discord & Twitch",
plink_1RswlKHnYG2meNotjKODaqK7,https://buy.stripe.com/dRmdR9eHA4Nw8ew2cFeZ20m,Adorable White Bunny Emotes - 8 Cute Rabbit Twitch Emotes in 6 Sizes! | emote pack | kawaii emotes | streamer emotes | rabbit emotes,
plink_1RswlAHnYG2meNotSDsFbOEo,https://buy.stripe.com/00wfZh9ng5RA52k2cFeZ20l,Adorable Bonk Bunny Emotes - 8 Cute Rabbit Twitch Emotes in 1 Size | emote pack | kawaii emotes | streamer emotes | rabbit emotes,
plink_1RswkzHnYG2meNotCrojRBjy,https://buy.stripe.com/6oUeVd6b493M2UcaJbeZ20k,Majo Coloring book,
plink_1RswkpHnYG2meNotORX5nA79,https://buy.stripe.com/dRm8wP2YSa7Q0M4aJbeZ20j,Witch PNG Notepad Stickers | digital stickers | digital stickers notability | digital stickers art | digital stickersheet,
plink_1RswkdHnYG2meNotsLnmju4B,https://buy.stripe.com/9B65kD0QK1BkeCU6sVeZ20i,Full body Tabby Cat Orange Cat Emotes - 6 Cute Cat Twitch Emotes in 4 Sizes! | emote pack | kawaii emotes | streamer emotes | cat emotes,
plink_1RswkSHnYG2meNotasgjsiDI,https://buy.stripe.com/4gMaEXbvo93M2UcaJbeZ20h,"Chibi Fruit Folk PNGtuber Model , Mouth + Blinking , Streamer Vtuber , Discord & Twitch",
plink_1RswkHHnYG2meNotaK49dLaF,https://buy.stripe.com/7sY9AT7f83Js7asg3veZ20g,"Farm Dog PNGtuber Model , Mouth + Blinking , Streamer Vtuber , Discord & Twitch",
plink_1Rswk6HnYG2meNot8ax8ePHk,https://buy.stripe.com/28E28rfLEfsagL218BeZ20f,"Farm Cow PNGtuber Model , Mouth + Blinking , Streamer Vtuber , Discord & Twitch",
plink_1RswjvHnYG2meNot25EhYttJ,https://buy.stripe.com/14A5kDczs7ZI9iAcRjeZ20e,"Farm Witch PNGtuber Model , Mouth + Blinking , Streamer Vtuber , Discord & Twitch",
plink_1RswjkHnYG2meNotppTHgMrB,https://buy.stripe.com/3cI7sL0QK6VEgL23gJeZ20d,"Chibi Fruit Folk Peach PNGtuber Model , Mouth + Blinking , Streamer Vtuber , Discord & Twitch",
plink_1RswhAHnYG2meNotmyUhhHV5,https://buy.stripe.com/eVqfZheHAa7QcuM9F7eZ20c,"Chibi Fruit Folk Watermelon PNGtuber Model , Mouth + Blinking , Streamer Vtuber , Discord & Twitch",
plink_1RswgzHnYG2meNotETjnov4t,https://buy.stripe.com/28E7sLdDw1BkgL26sVeZ20b,"Addon PNGTuber Adorable Frog Emotes - 3 expressions,  8 Cute frog Twitch Emotes! | emote pack | kawaii emotes | frog emotes",
plink_1RswgoHnYG2meNot0h9WU83J,https://buy.stripe.com/fZudR92YS1BkfGY6sVeZ20a,Kawaii Aesthetic Elements | digital stickers | digital stickers notability | digital stickers art | digital stickersheet,
plink_1RswgbHnYG2meNotr8wB94I0,https://buy.stripe.com/7sYaEX42WbbUbqIaJbeZ209,"Fantasy Mushroom Character | Digital Notebook | Sticker Set - 16 Unique Designs for Penly, Kilonotes, GoodNotes | Odd sticker",
