id,Name,Payment Link
prod_SmjTnxQex7cfFp,"Fantasy Mushroom Character | Digital Notebook | Sticker Set - 16 Unique Designs for Penly, Kilonotes, GoodNotes | Odd sticker",https://buy.stripe.com/fZu4gzeHAdk2cuM4kNeZ20z
prod_SmjTOo5zDhP12t,Kawaii Aesthetic Elements | digital stickers | digital stickers notability | digital stickers art | digital stickersheet,https://buy.stripe.com/fZudR92YS1BkfGY6sVeZ20a
prod_SmjT9xwHm6b7gl,"Addon PNGTuber Adorable Frog Emotes - 3 expressions,  8 Cute frog Twitch Emotes! | emote pack | kawaii emotes | frog emotes",https://buy.stripe.com/28E7sLdDw1BkgL26sVeZ20b
prod_SmjTeukp7EKpIv,"Chibi Fruit Folk Watermelon PNGtuber Model , Mouth + Blinking , Streamer Vtuber , Discord & Twitch",https://buy.stripe.com/eVqfZheHAa7QcuM9F7eZ20c
prod_SmjSKNpm38tkvu,"Chibi Fruit Folk Peach PNGtuber Model , Mouth + Blinking , Streamer Vtuber , Discord & Twitch",https://buy.stripe.com/3cI7sL0QK6VEgL23gJeZ20d
prod_SmjSgUaMiIRtkC,"Farm Witch PNGtuber Model , Mouth + Blinking , Streamer Vtuber , Discord & Twitch",https://buy.stripe.com/14A5kDczs7ZI9iAcRjeZ20e
prod_SmjSytlyZKX6UA,"Farm Cow PNGtuber Model , Mouth + Blinking , Streamer Vtuber , Discord & Twitch",https://buy.stripe.com/28E28rfLEfsagL218BeZ20f
prod_SmjSwdzwj9hT9L,"Farm Dog PNGtuber Model , Mouth + Blinking , Streamer Vtuber , Discord & Twitch",https://buy.stripe.com/7sY9AT7f83Js7asg3veZ20g
prod_SmjSng7JItJPG0,"Chibi Fruit Folk PNGtuber Model , Mouth + Blinking , Streamer Vtuber , Discord & Twitch",https://buy.stripe.com/4gMaEXbvo93M2UcaJbeZ20h
prod_SmjRqQB4lV14Sy,Full body Tabby Cat Orange Cat Emotes - 6 Cute Cat Twitch Emotes in 4 Sizes! | emote pack | kawaii emotes | streamer emotes | cat emotes,https://buy.stripe.com/9B65kD0QK1BkeCU6sVeZ20i
prod_SmjRYkatTb4mk8,Witch PNG Notepad Stickers | digital stickers | digital stickers notability | digital stickers art | digital stickersheet,https://buy.stripe.com/dRm8wP2YSa7Q0M4aJbeZ20j
prod_SmjRdtwEIuNy9b,Majo Coloring book,https://buy.stripe.com/6oUeVd6b493M2UcaJbeZ20k
prod_SmjRBREwzG6tSz,Adorable Bonk Bunny Emotes - 8 Cute Rabbit Twitch Emotes in 1 Size | emote pack | kawaii emotes | streamer emotes | rabbit emotes,https://buy.stripe.com/00wfZh9ng5RA52k2cFeZ20l
prod_SmjQq2EqRsLo9c,Adorable White Bunny Emotes - 8 Cute Rabbit Twitch Emotes in 6 Sizes! | emote pack | kawaii emotes | streamer emotes | rabbit emotes,https://buy.stripe.com/dRmdR9eHA4Nw8ew2cFeZ20m
prod_SmjQkA849JxA6O,"Cute Magic Girl PNGtuber Model , 4 Expressions , Blue Hair , Streamer Vtuber , Discord & Twitch",https://buy.stripe.com/8x200j0QKa7QdyQ2cFeZ20N
prod_SmjQtWfbg0GVb6,"Animated Twitch Emote 1x Animated Bunny Twitch Meme Emotes - Cute Knife Meme , Twitch , Streamer , Youtube , Discord, Animated emotes",https://buy.stripe.com/8x27sLczs6VE0M47wZeZ20O
prod_SmjMHxWX79eFef,"Chibi Blanket accessory Streamer Vtuber , Discord & Twitch",https://buy.stripe.com/14AcN50QK6VEeCU2cFeZ20P
prod_SmjMFsaz7v5yiJ,"Chibi Girl PNGtuber Model , Mouth + Blinking , Streamer Vtuber , Discord & Twitch",https://buy.stripe.com/fZu00j570fsaeCUcRjeZ20Q
prod_SmjLaRUvtDgcMT,"Cute Bear PNGtuber Model , 3 Expressions + Blinking , Streamer Vtuber , Discord & Twitch",https://buy.stripe.com/3cI8wPgPI4NweCUdVneZ20R
prod_SmjLPsk4m4RhXr,"Chibi Boy PNGtuber Model , Mouth + Blinking , Streamer Vtuber , Discord & Twitch",https://buy.stripe.com/6oUaEXczsa7Q52kcRjeZ20S
prod_SmjKoKfi6y0PID,Sticky Notes PNG Stickers | digital stickers | digital stickers notability | digital stickers art | digital stickersheet,https://buy.stripe.com/bJeaEX2YSfsa2Uc5oReZ20T
prod_SmjKsFMLujtcCw,Adorable Frog Emotes - 8 Cute frog Twitch Emotes | emote pack | kawaii emotes | streamer emotes | frog emotes,https://buy.stripe.com/dRm8wP5700xgdyQ5oReZ20U
prod_SmjJKMIqhvUYVG,"PNGTuber Adorable Frog Emotes - 3 expressions,  8 Cute frog Twitch Emotes! | emote pack | kawaii emotes | streamer emotes | frog emotes",https://buy.stripe.com/14A3cv6b493MeCU4kNeZ20V
prod_SmjJf9vWWugR34,"Animated Twitch Emote 1x Animated Frog Twitch Meme Emotes - Cute Knife Meme , Twitch , Streamer , Youtube , Discord, Animated emotes",https://buy.stripe.com/00w7sLdDw1Bk8ew4kNeZ20W
prod_SmjIC4eIWpaOM4,"Chibi Bunny Girl PNGtuber Model , Mouth + Blinking , Streamer Vtuber , Discord & Twitch",https://buy.stripe.com/8x214neHAgwebqI5oReZ20x
prod_PfZjTF8QJ7vBd5,"Sticky Note accessory Streamer Vtuber , Discord & Twitch",https://buy.stripe.com/6oU28r1UO1Bk66o5oReZ20y